[{"model": "admin.logentry", "pk": 1, "fields": {"action_time": "2023-06-05T10:55:39.032Z", "user": 1, "content_type": null, "object_id": "2", "object_repr": "beaver", "action_flag": 1, "change_message": "[{\"added\": {}}]"}}, {"model": "admin.logentry", "pk": 2, "fields": {"action_time": "2023-08-23T09:30:24.071Z", "user": 1, "content_type": null, "object_id": "1", "object_repr": "Модераторы", "action_flag": 1, "change_message": "[{\"added\": {}}]"}}, {"model": "admin.logentry", "pk": 3, "fields": {"action_time": "2023-09-07T10:33:18.367Z", "user": 1, "content_type": null, "object_id": "15", "object_repr": "Объявление: Прошлогодний снег 2021", "action_flag": 2, "change_message": "[{\"changed\": {\"fields\": [\"\\u041e\\u043f\\u0438\\u0441\\u0430\\u043d\\u0438\\u0435\"]}}]"}}, {"model": "admin.logentry", "pk": 4, "fields": {"action_time": "2023-09-07T11:04:57.894Z", "user": 1, "content_type": null, "object_id": "15", "object_repr": "Объявление: Прошлогодний снег 2021", "action_flag": 2, "change_message": "[{\"changed\": {\"fields\": [\"\\u041e\\u043f\\u0438\\u0441\\u0430\\u043d\\u0438\\u0435\"]}}]"}}, {"model": "admin.logentry", "pk": 5, "fields": {"action_time": "2023-09-07T11:05:33.731Z", "user": 1, "content_type": null, "object_id": "18", "object_repr": "Объявление: Каптча тест", "action_flag": 2, "change_message": "[{\"changed\": {\"fields\": [\"\\u041e\\u043f\\u0438\\u0441\\u0430\\u043d\\u0438\\u0435\"]}}]"}}, {"model": "admin.logentry", "pk": 6, "fields": {"action_time": "2023-09-07T11:05:43.004Z", "user": 1, "content_type": null, "object_id": "17", "object_repr": "Объявление: Жёлтый снег", "action_flag": 2, "change_message": "[{\"changed\": {\"fields\": [\"\\u041e\\u043f\\u0438\\u0441\\u0430\\u043d\\u0438\\u0435\"]}}]"}}, {"model": "admin.logentry", "pk": 7, "fields": {"action_time": "2023-09-07T11:06:35.202Z", "user": 1, "content_type": null, "object_id": "15", "object_repr": "Объявление: Прошлогодний снег 2021", "action_flag": 2, "change_message": "[{\"changed\": {\"fields\": [\"\\u041e\\u043f\\u0438\\u0441\\u0430\\u043d\\u0438\\u0435\"]}}]"}}, {"model": "admin.logentry", "pk": 8, "fields": {"action_time": "2023-09-07T11:07:52.271Z", "user": 1, "content_type": null, "object_id": "1", "object_repr": ":)", "action_flag": 1, "change_message": "[{\"added\": {}}]"}}, {"model": "admin.logentry", "pk": 9, "fields": {"action_time": "2023-09-07T11:09:06.139Z", "user": 1, "content_type": null, "object_id": "15", "object_repr": "Объявление: Прошлогодний снег 2021", "action_flag": 2, "change_message": "[{\"changed\": {\"fields\": [\"\\u041e\\u043f\\u0438\\u0441\\u0430\\u043d\\u0438\\u0435\"]}}]"}}, {"model": "admin.logentry", "pk": 10, "fields": {"action_time": "2023-09-07T11:10:44.398Z", "user": 1, "content_type": null, "object_id": "1", "object_repr": ":)", "action_flag": 2, "change_message": "[{\"changed\": {\"fields\": [\"Smiley icon width\"]}}]"}}, {"model": "admin.logentry", "pk": 11, "fields": {"action_time": "2023-09-07T11:10:57.482Z", "user": 1, "content_type": null, "object_id": "15", "object_repr": "Объявление: Прошлогодний снег 2021", "action_flag": 2, "change_message": "[{\"changed\": {\"fields\": [\"\\u041e\\u043f\\u0438\\u0441\\u0430\\u043d\\u0438\\u0435\"]}}]"}}, {"model": "admin.logentry", "pk": 12, "fields": {"action_time": "2023-09-07T11:13:06.691Z", "user": 1, "content_type": null, "object_id": "1", "object_repr": ":-)", "action_flag": 2, "change_message": "[{\"changed\": {\"fields\": [\"Smiley code\", \"Smiley icon height\"]}}]"}}, {"model": "admin.logentry", "pk": 13, "fields": {"action_time": "2023-09-07T11:13:23.212Z", "user": 1, "content_type": null, "object_id": "15", "object_repr": "Объявление: Прошлогодний снег 2021", "action_flag": 2, "change_message": "[{\"changed\": {\"fields\": [\"\\u041e\\u043f\\u0438\\u0441\\u0430\\u043d\\u0438\\u0435\"]}}]"}}, {"model": "admin.logentry", "pk": 14, "fields": {"action_time": "2023-09-07T11:18:21.359Z", "user": 1, "content_type": null, "object_id": "1", "object_repr": ":-)", "action_flag": 2, "change_message": "[{\"changed\": {\"fields\": [\"Smiley icon\"]}}]"}}, {"model": "admin.logentry", "pk": 15, "fields": {"action_time": "2023-09-07T11:18:50.156Z", "user": 1, "content_type": null, "object_id": "15", "object_repr": "Объявление: Прошлогодний снег 2021", "action_flag": 2, "change_message": "[{\"changed\": {\"fields\": [\"\\u041e\\u043f\\u0438\\u0441\\u0430\\u043d\\u0438\\u0435\"]}}]"}}, {"model": "admin.logentry", "pk": 16, "fields": {"action_time": "2023-09-07T11:20:01.298Z", "user": 1, "content_type": null, "object_id": "1", "object_repr": ":-)", "action_flag": 2, "change_message": "[{\"changed\": {\"fields\": [\"Smiley icon\"]}}]"}}, {"model": "admin.logentry", "pk": 17, "fields": {"action_time": "2023-09-07T11:20:23.395Z", "user": 1, "content_type": null, "object_id": "15", "object_repr": "Объявление: Прошлогодний снег 2021", "action_flag": 2, "change_message": "[{\"changed\": {\"fields\": [\"\\u041e\\u043f\\u0438\\u0441\\u0430\\u043d\\u0438\\u0435\"]}}]"}}, {"model": "admin.logentry", "pk": 18, "fields": {"action_time": "2023-09-07T11:21:31.909Z", "user": 1, "content_type": null, "object_id": "1", "object_repr": ":-)", "action_flag": 2, "change_message": "[{\"changed\": {\"fields\": [\"Smiley icon\"]}}]"}}, {"model": "admin.logentry", "pk": 19, "fields": {"action_time": "2023-09-07T11:21:36.695Z", "user": 1, "content_type": null, "object_id": "15", "object_repr": "Объявление: Прошлогодний снег 2021", "action_flag": 2, "change_message": "[{\"changed\": {\"fields\": [\"\\u041e\\u043f\\u0438\\u0441\\u0430\\u043d\\u0438\\u0435\"]}}]"}}, {"model": "admin.logentry", "pk": 20, "fields": {"action_time": "2023-09-07T11:23:00.254Z", "user": 1, "content_type": null, "object_id": "1", "object_repr": ":-)", "action_flag": 2, "change_message": "[{\"changed\": {\"fields\": [\"Smiley icon\"]}}]"}}, {"model": "admin.logentry", "pk": 21, "fields": {"action_time": "2023-09-07T11:23:20.814Z", "user": 1, "content_type": null, "object_id": "15", "object_repr": "Объявление: Прошлогодний снег 2021", "action_flag": 2, "change_message": "[{\"changed\": {\"fields\": [\"\\u041e\\u043f\\u0438\\u0441\\u0430\\u043d\\u0438\\u0435\"]}}]"}}, {"model": "admin.logentry", "pk": 22, "fields": {"action_time": "2023-09-14T09:35:26.019Z", "user": 1, "content_type": null, "object_id": "19", "object_repr": "Объявление: С файлом", "action_flag": 2, "change_message": "[{\"changed\": {\"fields\": [\"\\u041e\\u043f\\u0438\\u0441\\u0430\\u043d\\u0438\\u0435\", \"Archive\"]}}]"}}, {"model": "admin.logentry", "pk": 23, "fields": {"action_time": "2023-09-14T09:40:37.505Z", "user": 1, "content_type": null, "object_id": "19", "object_repr": "Объявление: С файлом", "action_flag": 2, "change_message": "[{\"changed\": {\"fields\": [\"\\u041e\\u043f\\u0438\\u0441\\u0430\\u043d\\u0438\\u0435\", \"Archive\"]}}]"}}, {"model": "admin.logentry", "pk": 24, "fields": {"action_time": "2023-09-14T09:57:34.065Z", "user": 1, "content_type": null, "object_id": "21", "object_repr": "Объявление: Test 3", "action_flag": 3, "change_message": ""}}, {"model": "admin.logentry", "pk": 25, "fields": {"action_time": "2023-09-14T09:57:45.577Z", "user": 1, "content_type": null, "object_id": "20", "object_repr": "Объявление: Ещё один", "action_flag": 3, "change_message": ""}}, {"model": "admin.logentry", "pk": 26, "fields": {"action_time": "2023-09-14T10:00:02.938Z", "user": 1, "content_type": null, "object_id": "22", "object_repr": "Объявление: Test 4", "action_flag": 2, "change_message": "[{\"changed\": {\"fields\": [\"\\u041e\\u043f\\u0438\\u0441\\u0430\\u043d\\u0438\\u0435\", \"Archive\"]}}]"}}, {"model": "admin.logentry", "pk": 27, "fields": {"action_time": "2023-09-14T10:01:07.633Z", "user": 1, "content_type": null, "object_id": "22", "object_repr": "Объявление: Test 4", "action_flag": 2, "change_message": "[{\"changed\": {\"fields\": [\"\\u041e\\u043f\\u0438\\u0441\\u0430\\u043d\\u0438\\u0435\", \"Archive\"]}}]"}}, {"model": "admin.logentry", "pk": 28, "fields": {"action_time": "2023-09-14T10:01:57.801Z", "user": 1, "content_type": null, "object_id": "22", "object_repr": "Объявление: Test 4", "action_flag": 2, "change_message": "[{\"changed\": {\"fields\": [\"\\u041e\\u043f\\u0438\\u0441\\u0430\\u043d\\u0438\\u0435\", \"Archive\"]}}]"}}, {"model": "admin.logentry", "pk": 29, "fields": {"action_time": "2023-09-14T10:06:24.496Z", "user": 1, "content_type": null, "object_id": "22", "object_repr": "Объявление: Test 4", "action_flag": 2, "change_message": "[{\"changed\": {\"fields\": [\"\\u041e\\u043f\\u0438\\u0441\\u0430\\u043d\\u0438\\u0435\", \"Archive\"]}}]"}}, {"model": "admin.logentry", "pk": 30, "fields": {"action_time": "2023-09-14T11:20:59.337Z", "user": 1, "content_type": null, "object_id": "1", "object_repr": "Img object (1)", "action_flag": 2, "change_message": "[{\"changed\": {\"fields\": [\"\\u0418\\u0437\\u043e\\u0431\\u0440\\u0430\\u0436\\u0435\\u043d\\u0438\\u0435\"]}}]"}}, {"model": "admin.logentry", "pk": 31, "fields": {"action_time": "2023-09-14T11:21:52.942Z", "user": 1, "content_type": null, "object_id": "4", "object_repr": "Img object (4)", "action_flag": 3, "change_message": ""}}, {"model": "admin.logentry", "pk": 32, "fields": {"action_time": "2023-09-14T11:21:52.945Z", "user": 1, "content_type": null, "object_id": "3", "object_repr": "Img object (3)", "action_flag": 3, "change_message": ""}}, {"model": "auth.group", "pk": 1, "fields": {"name": "Модераторы", "permissions": []}}, {"model": "auth.user", "pk": 1, "fields": {"password": "pbkdf2_sha256$600000$phiKK1iNh1x9FGbyDpfyZQ$/AkMG4mA+17UsamtI9mKUHbEGnyszju7QnWM4SZyEbI=", "last_login": "2023-09-07T09:58:33.698Z", "is_superuser": true, "username": "admin", "first_name": "", "last_name": "", "email": "admin@bb.local", "is_staff": true, "is_active": true, "date_joined": "2023-05-17T11:18:26.719Z", "groups": [], "user_permissions": []}}, {"model": "auth.user", "pk": 2, "fields": {"password": "pbkdf2_sha256$600000$nTb0XYidOpqf1uoneDoFH6$gi9bvrBG6CL0rHjnb0/8z2CW5TAAZvw03gjo4gqFBTo=", "last_login": null, "is_superuser": false, "username": "beaver", "first_name": "", "last_name": "", "email": "", "is_staff": false, "is_active": true, "date_joined": "2023-06-05T10:55:38.742Z", "groups": [], "user_permissions": []}}, {"model": "auth.user", "pk": 3, "fields": {"password": "", "last_login": null, "is_superuser": false, "username": "admin23", "first_name": "Админушка", "last_name": "Админская", "email": "admin23@mail.kz", "is_staff": false, "is_active": true, "date_joined": "2023-08-14T11:31:48.264Z", "groups": [], "user_permissions": []}}, {"model": "auth.user", "pk": 4, "fields": {"password": "pbkdf2_sha256$600000$I6mqu4iFClp8JVbYot9H0O$kMkYDKaCXo7pHRLfANG/f1rbo72FgA6qfdNgNUJeZuQ=", "last_login": "2023-08-14T11:39:52.865Z", "is_superuser": false, "username": "admin123", "first_name": "Админушка", "last_name": "Админская", "email": "admin123@mail.kz", "is_staff": false, "is_active": true, "date_joined": "2023-08-14T11:39:45.007Z", "groups": [], "user_permissions": []}}, {"model": "sessions.session", "pk": "3cq8vrvhtuhqmprxsavuo6gr36epj9bq", "fields": {"session_data": ".eJxVjEEOwiAQRe_C2hAYGEpduvcMZIBBqoYmpV0Z765NutDtf-_9lwi0rTVsnZcwZXEWWpx-t0jpwW0H-U7tNss0t3WZotwVedAur3Pm5-Vw_w4q9fqtDTrOOpY0AI1GA5SkDTkFmLxzYJGjscoWRijo0UZmADBOaUejH7R4fwDN0jbU:1qeBmT:NLgotMA-sNpjC9YXqcjwv0FCnyZdRey45IKWiTOMBTk", "expire_date": "2023-09-21T09:58:33.700Z"}}, {"model": "sessions.session", "pk": "61uqfdsgxhgm7wr2ypoc720lvzhegqoq", "fields": {"session_data": ".eJxVjEEOwiAQRe_C2hAYGEpduvcMZIBBqoYmpV0Z765NutDtf-_9lwi0rTVsnZcwZXEWWpx-t0jpwW0H-U7tNss0t3WZotwVedAur3Pm5-Vw_w4q9fqtDTrOOpY0AI1GA5SkDTkFmLxzYJGjscoWRijo0UZmADBOaUejH7R4fwDN0jbU:1qYlz4:Bl37ULfo16PV6lQ8gfdvtRHA71nL7QPpOKlciB6O4mg", "expire_date": "2023-09-06T11:25:10.978Z"}}, {"model": "sessions.session", "pk": "832i0ctglig6r2rm08rd7r8wow13iksy", "fields": {"session_data": ".eJxVjMsOwiAQRf-FtSEzLSC4dO83kBkeUjWQlHZl_HfbpAvd3nPOfQtP61L82tPspyguAsXpd2MKz1R3EB9U702GVpd5Yrkr8qBd3lpMr-vh_h0U6mWrAQFsGJkZnNZWDVlbVjzEjIDqnHNyZBzqMYzgGMlsOBMTaeOsoig-X8xvN8I:1qYkyP:3K4ERnSPeH1HMnzdgGjjx-jpDZQi3IuzyUR9U_2hjfM", "expire_date": "2023-09-06T10:20:25.244Z"}}, {"model": "sessions.session", "pk": "jksb55u29mty6uu03hd1dpdmnlobwg9t", "fields": {"session_data": ".eJxVjMsOwiAQRf-FtSEzLSC4dO83kBkeUjWQlHZl_HfbpAvd3nPOfQtP61L82tPspyguAsXpd2MKz1R3EB9U702GVpd5Yrkr8qBd3lpMr-vh_h0U6mWrAQFsGJkZnNZWDVlbVjzEjIDqnHNyZBzqMYzgGMlsOBMTaeOsoig-X8xvN8I:1pzFJG:3Yld1BeoHE3Dy1-YFzbBK5g8xpXUEsO2ovQNj0p2M8g", "expire_date": "2023-05-31T11:27:10.019Z"}}, {"model": "captcha.captchastore", "pk": 33, "fields": {"challenge": "OVKGZQ", "response": "ovkgzq", "hashkey": "9f3e81cce4176e1be3818c8a7a10fae9f7ea5397", "expiration": "2023-09-14T10:05:45.361Z"}}, {"model": "precise_bbcode.smileytag", "pk": 1, "fields": {"code": ":-)", "image": "static/precise_bbcode/smilies/bg.jpg", "image_width": 24, "image_height": 24, "emotion": null, "display_on_editor": true}}, {"model": "bboard.rubric", "pk": 1, "fields": {"name": "Недвижимость"}}, {"model": "bboard.rubric", "pk": 2, "fields": {"name": "Транспорт"}}, {"model": "bboard.rubric", "pk": 3, "fields": {"name": "Бытовая техника"}}, {"model": "bboard.rubric", "pk": 4, "fields": {"name": "Сельхозтехника"}}, {"model": "bboard.rubric", "pk": 5, "fields": {"name": "Мебель"}}, {"model": "bboard.rubric", "pk": 6, "fields": {"name": "Сантехника"}}, {"model": "bboard.rubric", "pk": 7, "fields": {"name": "Растения"}}, {"model": "bboard.bb", "pk": 1, "fields": {"rubric": 1, "title": "Дача", "kind": "s", "_content_rendered": null, "content": "Лень писать", "price": 500000.0, "published": "2023-05-17T11:18:26.703Z", "archive": ""}}, {"model": "bboard.bb", "pk": 2, "fields": {"rubric": 2, "title": "Бобёр ездовой", "kind": "s", "_content_rendered": null, "content": "Плохо строит плотины", "price": 2777.5, "published": "2023-05-17T11:18:26.703Z", "archive": ""}}, {"model": "bboard.bb", "pk": 4, "fields": {"rubric": 5, "title": "Диван", "kind": "s", "_content_rendered": null, "content": "Продавленный", "price": 100.0, "published": "2023-05-24T09:37:03.541Z", "archive": ""}}, {"model": "bboard.bb", "pk": 5, "fields": {"rubric": 6, "title": "раковина", "kind": "s", "_content_rendered": null, "content": "сильно битая", "price": 49.5, "published": "2023-05-24T09:40:17.863Z", "archive": ""}}, {"model": "bboard.bb", "pk": 6, "fields": {"rubric": 4, "title": "Мотыга", "kind": "s", "_content_rendered": null, "content": "Ржавая", "price": 49.5, "published": "2023-05-24T09:45:21.460Z", "archive": ""}}, {"model": "bboard.bb", "pk": 7, "fields": {"rubric": 4, "title": "Лопата", "kind": "s", "_content_rendered": null, "content": "Почти новая", "price": 500.0, "published": "2023-05-24T09:49:24.986Z", "archive": ""}}, {"model": "bboard.bb", "pk": 8, "fields": {"rubric": 3, "title": "Пылесос", "kind": "s", "_content_rendered": null, "content": "Хороший, мощный", "price": 500.0, "published": "2023-05-24T11:32:44.018Z", "archive": ""}}, {"model": "bboard.bb", "pk": 9, "fields": {"rubric": 3, "title": "Стиральная машина", "kind": "s", "_content_rendered": null, "content": "Автоматическая", "price": 500.0, "published": "2023-05-24T11:32:44.018Z", "archive": ""}}, {"model": "bboard.bb", "pk": 10, "fields": {"rubric": 7, "title": "Какой-то товар", "kind": "s", "_content_rendered": null, "content": "Что-то продаётся", "price": 1.0000005756785787e+22, "published": "2023-06-12T09:52:57.842Z", "archive": ""}}, {"model": "bboard.bb", "pk": 11, "fields": {"rubric": 7, "title": "Ещё один", "kind": "s", "_content_rendered": null, "content": "Ещё один", "price": 6.0, "published": "2023-06-12T10:09:03.058Z", "archive": ""}}, {"model": "bboard.bb", "pk": 12, "fields": {"rubric": 1, "title": "Книга", "kind": "s", "_content_rendered": null, "content": "Очень толстая", "price": 100500.0, "published": "2023-06-14T09:37:06.493Z", "archive": ""}}, {"model": "bboard.bb", "pk": 13, "fields": {"rubric": 7, "title": "Бублик", "kind": "s", "_content_rendered": null, "content": "В нём есть дырка", "price": 0.0, "published": "2023-06-14T10:59:07.138Z", "archive": ""}}, {"model": "bboard.bb", "pk": 14, "fields": {"rubric": 4, "title": "Симка", "kind": "s", "_content_rendered": null, "content": "Хамка", "price": 2.0, "published": "2023-08-16T09:47:48.102Z", "archive": ""}}, {"model": "bboard.bb", "pk": 15, "fields": {"rubric": 1, "title": "Прошлогодний снег 2021", "kind": "s", "_content_rendered": "<strong>Очень</strong> <em>прошлогодний</em>, <strike>просто</strike> <span style=\"color:#00ff66;\">позапрошлогодний</span>, прям сильно прошлогодний.<br /><ol style=\"list-style-type:decimal;\"><li>Python</li><li>Django</li><li>BBCode</li></ol><br /><br />:)<br /><img src=\"/static/precise_bbcode/smilies/bg.jpg\" width=\"24\" height=\"24\" alt=\"\" />", "content": "[b]Очень[/b] [i]прошлогодний[/i], [s]просто[/s] [color=#00ff66]позапрошлогодний[/color], прям сильно прошлогодний.\r\n[list=1]\r\n[*]Python\r\n[*]Django\r\n[*]BBCode\r\n[/list]\r\n\r\n:)\r\n:-)", "price": 1.0, "published": "2023-08-16T09:55:34.266Z", "archive": ""}}, {"model": "bboard.bb", "pk": 17, "fields": {"rubric": 1, "title": "Жёлтый снег", "kind": "s", "_content_rendered": "Не употреблять в пищу", "content": "Не употреблять в пищу", "price": 999.0, "published": "2023-08-21T10:57:06.653Z", "archive": ""}}, {"model": "bboard.bb", "pk": 18, "fields": {"rubric": 6, "title": "Каптча тест", "kind": "s", "_content_rendered": "Тестируем каптчу", "content": "Тестируем каптчу", "price": 0.01, "published": "2023-09-04T10:52:47.394Z", "archive": ""}}, {"model": "bboard.bb", "pk": 19, "fields": {"rubric": 6, "title": "С файлом", "kind": "s", "_content_rendered": "Проверяем загрузку файлов", "content": "Проверяем загрузку файлов", "price": 45.0, "published": "2023-09-14T09:33:26.139Z", "archive": "archives/2023/09/14/bg.jpg"}}, {"model": "bboard.bb", "pk": 22, "fields": {"rubric": 2, "title": "Test 4", "kind": "s", "_content_rendered": "Test 4", "content": "Test 4", "price": 535.0, "published": "2023-09-14T09:58:29.512Z", "archive": "script1694685984.490092.js"}}, {"model": "testapp.advuser", "pk": 1, "fields": {"is_activated": true, "user": 1}}, {"model": "testapp.spare", "pk": 1, "fields": {"name": "Болт"}}, {"model": "testapp.spare", "pk": 2, "fields": {"name": "Гайка"}}, {"model": "testapp.spare", "pk": 3, "fields": {"name": "Шайба"}}, {"model": "testapp.spare", "pk": 4, "fields": {"name": "Шпилька"}}, {"model": "testapp.machine", "pk": 1, "fields": {"name": "Самосвал"}}, {"model": "testapp.machine", "pk": 2, "fields": {"name": "Тепловоз"}}, {"model": "testapp.kit", "pk": 1, "fields": {"machine": 1, "spare": 1, "count": 5}}, {"model": "testapp.kit", "pk": 2, "fields": {"machine": 1, "spare": 2, "count": 100}}, {"model": "testapp.kit", "pk": 4, "fields": {"machine": 2, "spare": 1, "count": 49}}, {"model": "testapp.kit", "pk": 5, "fields": {"machine": 2, "spare": 3, "count": 49}}, {"model": "testapp.sms", "pk": 1, "fields": {"comment": "Привет, бобры!", "sender": 1, "receiver": 2}}, {"model": "testapp.img", "pk": 1, "fields": {"img": "bg1694690620.317004.jpg", "desc": "Картинко"}}, {"model": "testapp.img", "pk": 2, "fields": {"img": "94132137-7d4fc100-fe7c-11ea-8512-69f90cb65e481694689663.60629.gif", "desc": "Гифка"}}]