[{"model": "admin.logentry", "pk": 1, "fields": {"action_time": "2023-06-05T10:55:39.032Z", "user": 1, "content_type": null, "object_id": "2", "object_repr": "beaver", "action_flag": 1, "change_message": "[{\"added\": {}}]"}}, {"model": "admin.logentry", "pk": 2, "fields": {"action_time": "2023-08-23T09:30:24.071Z", "user": 1, "content_type": null, "object_id": "1", "object_repr": "Модераторы", "action_flag": 1, "change_message": "[{\"added\": {}}]"}}, {"model": "auth.group", "pk": 1, "fields": {"name": "Модераторы", "permissions": []}}, {"model": "auth.user", "pk": 1, "fields": {"password": "pbkdf2_sha256$600000$phiKK1iNh1x9FGbyDpfyZQ$/AkMG4mA+17UsamtI9mKUHbEGnyszju7QnWM4SZyEbI=", "last_login": "2023-08-23T11:25:10.974Z", "is_superuser": true, "username": "admin", "first_name": "", "last_name": "", "email": "admin@bb.local", "is_staff": true, "is_active": true, "date_joined": "2023-05-17T11:18:26.719Z", "groups": [], "user_permissions": []}}, {"model": "auth.user", "pk": 2, "fields": {"password": "pbkdf2_sha256$600000$nTb0XYidOpqf1uoneDoFH6$gi9bvrBG6CL0rHjnb0/8z2CW5TAAZvw03gjo4gqFBTo=", "last_login": null, "is_superuser": false, "username": "beaver", "first_name": "", "last_name": "", "email": "", "is_staff": false, "is_active": true, "date_joined": "2023-06-05T10:55:38.742Z", "groups": [], "user_permissions": []}}, {"model": "auth.user", "pk": 3, "fields": {"password": "", "last_login": null, "is_superuser": false, "username": "admin23", "first_name": "Админушка", "last_name": "Админская", "email": "admin23@mail.kz", "is_staff": false, "is_active": true, "date_joined": "2023-08-14T11:31:48.264Z", "groups": [], "user_permissions": []}}, {"model": "auth.user", "pk": 4, "fields": {"password": "pbkdf2_sha256$600000$I6mqu4iFClp8JVbYot9H0O$kMkYDKaCXo7pHRLfANG/f1rbo72FgA6qfdNgNUJeZuQ=", "last_login": "2023-08-14T11:39:52.865Z", "is_superuser": false, "username": "admin123", "first_name": "Админушка", "last_name": "Админская", "email": "admin123@mail.kz", "is_staff": false, "is_active": true, "date_joined": "2023-08-14T11:39:45.007Z", "groups": [], "user_permissions": []}}, {"model": "sessions.session", "pk": "61uqfdsgxhgm7wr2ypoc720lvzhegqoq", "fields": {"session_data": ".eJxVjEEOwiAQRe_C2hAYGEpduvcMZIBBqoYmpV0Z765NutDtf-_9lwi0rTVsnZcwZXEWWpx-t0jpwW0H-U7tNss0t3WZotwVedAur3Pm5-Vw_w4q9fqtDTrOOpY0AI1GA5SkDTkFmLxzYJGjscoWRijo0UZmADBOaUejH7R4fwDN0jbU:1qYlz4:Bl37ULfo16PV6lQ8gfdvtRHA71nL7QPpOKlciB6O4mg", "expire_date": "2023-09-06T11:25:10.978Z"}}, {"model": "sessions.session", "pk": "832i0ctglig6r2rm08rd7r8wow13iksy", "fields": {"session_data": ".eJxVjMsOwiAQRf-FtSEzLSC4dO83kBkeUjWQlHZl_HfbpAvd3nPOfQtP61L82tPspyguAsXpd2MKz1R3EB9U702GVpd5Yrkr8qBd3lpMr-vh_h0U6mWrAQFsGJkZnNZWDVlbVjzEjIDqnHNyZBzqMYzgGMlsOBMTaeOsoig-X8xvN8I:1qYkyP:3K4ERnSPeH1HMnzdgGjjx-jpDZQi3IuzyUR9U_2hjfM", "expire_date": "2023-09-06T10:20:25.244Z"}}, {"model": "sessions.session", "pk": "jksb55u29mty6uu03hd1dpdmnlobwg9t", "fields": {"session_data": ".eJxVjMsOwiAQRf-FtSEzLSC4dO83kBkeUjWQlHZl_HfbpAvd3nPOfQtP61L82tPspyguAsXpd2MKz1R3EB9U702GVpd5Yrkr8qBd3lpMr-vh_h0U6mWrAQFsGJkZnNZWDVlbVjzEjIDqnHNyZBzqMYzgGMlsOBMTaeOsoig-X8xvN8I:1pzFJG:3Yld1BeoHE3Dy1-YFzbBK5g8xpXUEsO2ovQNj0p2M8g", "expire_date": "2023-05-31T11:27:10.019Z"}}, {"model": "captcha.captchastore", "pk": 1, "fields": {"challenge": "RXPZ", "response": "rxpz", "hashkey": "c85615d1430451c0fca3810c9a588604118bcad5", "expiration": "2023-09-04T10:56:10.265Z"}}, {"model": "captcha.captchastore", "pk": 2, "fields": {"challenge": "GQHU", "response": "gqhu", "hashkey": "eed38b5fcaec1bd32ebcdefc32fd1272e6ee01e7", "expiration": "2023-09-04T10:57:20.909Z"}}, {"model": "captcha.captchastore", "pk": 4, "fields": {"challenge": "KVDR", "response": "kvdr", "hashkey": "509f3a2f1d5526ce5379c63aa6499b50c9719d5d", "expiration": "2023-09-04T10:58:21.290Z"}}, {"model": "captcha.captchastore", "pk": 5, "fields": {"challenge": "ERZN", "response": "erzn", "hashkey": "c1354b0db916c3926ef9bff696645cb7d80b4051", "expiration": "2023-09-04T11:00:02.822Z"}}, {"model": "captcha.captchastore", "pk": 6, "fields": {"challenge": "DPYU", "response": "dpyu", "hashkey": "1a4d71ca2491197e4e5a7d949968266a451398f0", "expiration": "2023-09-04T11:00:20.424Z"}}, {"model": "captcha.captchastore", "pk": 7, "fields": {"challenge": "VCPR", "response": "vcpr", "hashkey": "7f42dea3bf0cdec4030945ef127fd58e12ba3f0e", "expiration": "2023-09-04T11:00:27.832Z"}}, {"model": "captcha.captchastore", "pk": 8, "fields": {"challenge": "2+7=", "response": "9", "hashkey": "7d001783c72c49c382d5db1c1e13d866b9c0f25c", "expiration": "2023-09-04T11:03:18.166Z"}}, {"model": "captcha.captchastore", "pk": 9, "fields": {"challenge": "6+5=", "response": "11", "hashkey": "b16a862e04b46f515dbe8d5926e1013e791e5df6", "expiration": "2023-09-04T11:03:20.942Z"}}, {"model": "captcha.captchastore", "pk": 10, "fields": {"challenge": "4+8=", "response": "12", "hashkey": "13eb3fe4910f3d7433769e5109582f99bd4610af", "expiration": "2023-09-04T11:03:21.646Z"}}, {"model": "captcha.captchastore", "pk": 11, "fields": {"challenge": "9-2=", "response": "7", "hashkey": "ced7ac4c215d2f4b399a336e5379ebbae657d098", "expiration": "2023-09-04T11:03:22.987Z"}}, {"model": "captcha.captchastore", "pk": 12, "fields": {"challenge": "9+8=", "response": "17", "hashkey": "526518045be40ad2791ebab31162034895f62f36", "expiration": "2023-09-04T11:03:24.380Z"}}, {"model": "captcha.captchastore", "pk": 13, "fields": {"challenge": "6+10=", "response": "16", "hashkey": "928b3aaa0062356f2e645a72345d0199d5cc233b", "expiration": "2023-09-04T11:03:27.037Z"}}, {"model": "captcha.captchastore", "pk": 14, "fields": {"challenge": "9-8=", "response": "1", "hashkey": "7b652dc508f1ed04488394cbf59c87bb68c37d83", "expiration": "2023-09-04T11:03:28.365Z"}}, {"model": "captcha.captchastore", "pk": 15, "fields": {"challenge": "4*7=", "response": "28", "hashkey": "c4329875604ce7452f73ddc7718ca6acf3e38793", "expiration": "2023-09-04T11:03:29.655Z"}}, {"model": "captcha.captchastore", "pk": 16, "fields": {"challenge": "8-2=", "response": "6", "hashkey": "7c57e8583a8078c35014da9c2b593ef5081ea387", "expiration": "2023-09-04T11:03:31.016Z"}}, {"model": "captcha.captchastore", "pk": 17, "fields": {"challenge": "1-1=", "response": "0", "hashkey": "c30404c88edd7150bc88c5ace020ff77170dbea8", "expiration": "2023-09-04T11:03:32.077Z"}}, {"model": "captcha.captchastore", "pk": 18, "fields": {"challenge": "9+5=", "response": "14", "hashkey": "ea0973e499523de13e7db82f5528b854d0b892e2", "expiration": "2023-09-04T11:03:33.022Z"}}, {"model": "captcha.captchastore", "pk": 19, "fields": {"challenge": "5-5=", "response": "0", "hashkey": "4495a48b456d8467af053922ef2b8cbda4c4dd00", "expiration": "2023-09-04T11:09:39.573Z"}}, {"model": "captcha.captchastore", "pk": 20, "fields": {"challenge": "PGEHFT", "response": "pgehft", "hashkey": "34642a7654c4101be610bfe0ad0e4f5cecd69f4c", "expiration": "2023-09-04T11:11:15.327Z"}}, {"model": "captcha.captchastore", "pk": 21, "fields": {"challenge": "UGNHGDDNFZKNBTSOTIEDN", "response": "ugnhgddnfzknbtsotiedn", "hashkey": "fe2ea742baced074c7ab7f207b29a4216e4b216e", "expiration": "2023-09-04T11:11:27.594Z"}}, {"model": "captcha.captchastore", "pk": 22, "fields": {"challenge": "XKYFUK", "response": "xkyfuk", "hashkey": "ef43fd12af0a403ce3bc2680c0225763ff946771", "expiration": "2023-09-04T11:22:09.528Z"}}, {"model": "captcha.captchastore", "pk": 23, "fields": {"challenge": "YBYXNK", "response": "ybyxnk", "hashkey": "2f5ccfd821e9b9544994359d35c58349fea49cfb", "expiration": "2023-09-04T11:22:23.060Z"}}, {"model": "captcha.captchastore", "pk": 24, "fields": {"challenge": "JZQCKM", "response": "jzqckm", "hashkey": "b187269829f4178b547e3b0046eaa984b7ceee96", "expiration": "2023-09-04T11:22:38.088Z"}}, {"model": "captcha.captchastore", "pk": 25, "fields": {"challenge": "EEJJYX", "response": "eejjyx", "hashkey": "b0af3e2726f37a998cd351bda35d2b8fb838c2e1", "expiration": "2023-09-04T11:22:38.387Z"}}, {"model": "captcha.captchastore", "pk": 26, "fields": {"challenge": "RDRBEE", "response": "rdrbee", "hashkey": "efaeab52cbbcce8a8c0ee96b8b95c2acee266d8a", "expiration": "2023-09-04T11:22:39.183Z"}}, {"model": "captcha.captchastore", "pk": 27, "fields": {"challenge": "GVKZAB", "response": "gvkzab", "hashkey": "41eea86f40a6df3798e07801937fac74f8170e15", "expiration": "2023-09-04T11:22:47.255Z"}}, {"model": "captcha.captchastore", "pk": 28, "fields": {"challenge": "ZUIFWE", "response": "zuifwe", "hashkey": "f4a3f490390f0908182794a49983226813a282fd", "expiration": "2023-09-04T11:24:13.300Z"}}, {"model": "bboard.rubric", "pk": 1, "fields": {"name": "Недвижимость"}}, {"model": "bboard.rubric", "pk": 2, "fields": {"name": "Транспорт"}}, {"model": "bboard.rubric", "pk": 3, "fields": {"name": "Бытовая техника"}}, {"model": "bboard.rubric", "pk": 4, "fields": {"name": "Сельхозтехника"}}, {"model": "bboard.rubric", "pk": 5, "fields": {"name": "Мебель"}}, {"model": "bboard.rubric", "pk": 6, "fields": {"name": "Сантехника"}}, {"model": "bboard.rubric", "pk": 7, "fields": {"name": "Растения"}}, {"model": "bboard.bb", "pk": 1, "fields": {"rubric": 1, "title": "Дача", "kind": "s", "content": "Лень писать", "price": 500000.0, "published": "2023-05-17T11:18:26.703Z"}}, {"model": "bboard.bb", "pk": 2, "fields": {"rubric": 2, "title": "Бобёр ездовой", "kind": "s", "content": "Плохо строит плотины", "price": 2777.5, "published": "2023-05-17T11:18:26.703Z"}}, {"model": "bboard.bb", "pk": 4, "fields": {"rubric": 5, "title": "Диван", "kind": "s", "content": "Продавленный", "price": 100.0, "published": "2023-05-24T09:37:03.541Z"}}, {"model": "bboard.bb", "pk": 5, "fields": {"rubric": 6, "title": "раковина", "kind": "s", "content": "сильно битая", "price": 49.5, "published": "2023-05-24T09:40:17.863Z"}}, {"model": "bboard.bb", "pk": 6, "fields": {"rubric": 4, "title": "Мотыга", "kind": "s", "content": "Ржавая", "price": 49.5, "published": "2023-05-24T09:45:21.460Z"}}, {"model": "bboard.bb", "pk": 7, "fields": {"rubric": 4, "title": "Лопата", "kind": "s", "content": "Почти новая", "price": 500.0, "published": "2023-05-24T09:49:24.986Z"}}, {"model": "bboard.bb", "pk": 8, "fields": {"rubric": 3, "title": "Пылесос", "kind": "s", "content": "Хороший, мощный", "price": 500.0, "published": "2023-05-24T11:32:44.018Z"}}, {"model": "bboard.bb", "pk": 9, "fields": {"rubric": 3, "title": "Стиральная машина", "kind": "s", "content": "Автоматическая", "price": 500.0, "published": "2023-05-24T11:32:44.018Z"}}, {"model": "bboard.bb", "pk": 10, "fields": {"rubric": 7, "title": "Какой-то товар", "kind": "s", "content": "Что-то продаётся", "price": 1.0000005756785787e+22, "published": "2023-06-12T09:52:57.842Z"}}, {"model": "bboard.bb", "pk": 11, "fields": {"rubric": 7, "title": "Ещё один", "kind": "s", "content": "Ещё один", "price": 6.0, "published": "2023-06-12T10:09:03.058Z"}}, {"model": "bboard.bb", "pk": 12, "fields": {"rubric": 1, "title": "Книга", "kind": "s", "content": "Очень толстая", "price": 100500.0, "published": "2023-06-14T09:37:06.493Z"}}, {"model": "bboard.bb", "pk": 13, "fields": {"rubric": 7, "title": "Бублик", "kind": "s", "content": "В нём есть дырка", "price": 0.0, "published": "2023-06-14T10:59:07.138Z"}}, {"model": "bboard.bb", "pk": 14, "fields": {"rubric": 4, "title": "Симка", "kind": "s", "content": "Хамка", "price": 2.0, "published": "2023-08-16T09:47:48.102Z"}}, {"model": "bboard.bb", "pk": 15, "fields": {"rubric": 1, "title": "Прошлогодний снег 2021", "kind": "s", "content": "Очень прошлогодний, просто позапрошлогодний", "price": 1.0, "published": "2023-08-16T09:55:34.266Z"}}, {"model": "bboard.bb", "pk": 17, "fields": {"rubric": 1, "title": "Жёлтый снег", "kind": "s", "content": "Не употреблять в пищу", "price": 999.0, "published": "2023-08-21T10:57:06.653Z"}}, {"model": "bboard.bb", "pk": 18, "fields": {"rubric": 6, "title": "Каптча тест", "kind": "s", "content": "Тестируем каптчу", "price": 0.01, "published": "2023-09-04T10:52:47.394Z"}}, {"model": "testapp.advuser", "pk": 1, "fields": {"is_activated": true, "user": 1}}, {"model": "testapp.spare", "pk": 1, "fields": {"name": "Болт"}}, {"model": "testapp.spare", "pk": 2, "fields": {"name": "Гайка"}}, {"model": "testapp.spare", "pk": 3, "fields": {"name": "Шайба"}}, {"model": "testapp.spare", "pk": 4, "fields": {"name": "Шпилька"}}, {"model": "testapp.machine", "pk": 1, "fields": {"name": "Самосвал"}}, {"model": "testapp.machine", "pk": 2, "fields": {"name": "Тепловоз"}}, {"model": "testapp.kit", "pk": 1, "fields": {"machine": 1, "spare": 1, "count": 5}}, {"model": "testapp.kit", "pk": 2, "fields": {"machine": 1, "spare": 2, "count": 100}}, {"model": "testapp.kit", "pk": 4, "fields": {"machine": 2, "spare": 1, "count": 49}}, {"model": "testapp.kit", "pk": 5, "fields": {"machine": 2, "spare": 3, "count": 49}}, {"model": "testapp.sms", "pk": 1, "fields": {"comment": "Привет, бобры!", "sender": 1, "receiver": 2}}]